{
    "$schema": "https://schema.management.azure.com/schemas/2015-01-01/deploymentParameters.json#",
    "contentVersion": "1.0.0.0",
    "parameters": {
        "apis_test_ocp_apim_subscription_key_caller_path": {
            "value": null
        },
        "subscriptions_639195121bfdac0041070001_displayName": {
            "value": null
        },
        "subscriptions_639195121bfdac0041070002_displayName": {
            "value": null
        },
        "subscriptions_657bfedd217d201410211125_displayName": {
            "value": null
        },
        "subscriptions_657bfee9217d20141021112a_displayName": {
            "value": null
        },
        "subscriptions_6597242d217d20141021688e_displayName": {
            "value": null
        },
        "subscriptions_669f31fdfb426815f49e95b8_displayName": {
            "value": null
        },
        "users_1_lastName": {
            "value": null
        },
        "subscriptions_6567262a5ddd171b64d970ae_displayName": {
            "value": null
        },
        "subscriptions_65709cad5ddd171b64d97ab0_displayName": {
            "value": null
        },
        "subscriptions_6571ee1f5ddd171760259249_displayName": {
            "value": null
        },
        "subscriptions_657ade9f5ddd171760259bce_displayName": {
            "value": null
        },
        "subscriptions_657ae0fc5ddd171760259bd8_displayName": {
            "value": null
        },
        "subscriptions_657b0af65ddd171760259d1b_displayName": {
            "value": null
        },
        "subscriptions_657b0af65ddd171760259d1e_displayName": {
            "value": null
        },
        "subscriptions_657bc5b75ddd171760259d64_displayName": {
            "value": null
        },
        "subscriptions_659695f25ddd17176025ceb7_displayName": {
            "value": null
        },
        "subscriptions_65b7c12c5ddd17172c6c372a_displayName": {
            "value": null
        },
        "subscriptions_65b7c12c5ddd17172c6c372b_displayName": {
            "value": null
        },
        "subscriptions_65b7c12c5ddd17172c6c372c_displayName": {
            "value": null
        },
        "subscriptions_65b7c12c5ddd17172c6c372d_displayName": {
            "value": null
        },
        "users_1_lastName_1": {
            "value": null
        },
        "connections_office365_name": {
            "value": null
        },
        "service_apimpocazassesbx003_name": {
            "value": null
        },
        "service_apimpocazassesbx005_name": {
            "value": null
        },
        "workspaces_log_Apim_poc_az_asse_sbx_001_name": {
            "value": null
        },
        "solutions_Updates_log_Apim_poc_az_asse_sbx_001__name": {
            "value": null
        },
        "automationAccounts_aa_BackupAPIM_az_asse_sbx_001_externalid": {
            "value": null
        }
    }
}